<?xml version="1.0" encoding="UTF-8" standalone="yes"?>
<addon id="repository.easyjim" name="easyjim repository" version="1.0" provider-name="easyjim">
    <extension point="xbmc.addon.repository" name="easyjim Repository">
        <dir>
            <info compressed="false">https://raw.githubusercontent.com/easyjim/repository.easyjim/master/zips/addons.xml</info>
            <checksum>https://raw.githubusercontent.com/easyjim/repository.easyjim/master/zips/addons.xml.md5</checksum>
            <datadir zip="true">https://raw.githubusercontent.com/easyjim/repository.easyjim/master/zips/</datadir>
        </dir>
    </extension>
    <extension point="xbmc.addon.metadata">
        <summary>easyjim repo</summary>
        <description>just starting out</description>
        <disclaimer></disclaimer>
        <platform>all</platform>
        <assets>
            <icon>icon.png</icon>
            <fanart>fanart.jpg</fanart>
        </assets>
    </extension>
</addon>